UNIQUE CODE,STATE,PARLIAMENTARY CODE,PARLIAMENTARY NAME,STATE CONSTITUENCY CODE,STATE CONSTITUENCY NAME,MALAY,NON MALAY BUMIPUTERA,CHINESE,INDIAN,OTHERS,TOTAL ELECTORS,,MALAY (%),NON MALAY BUMIPUTERA (%),CHINESE (%),INDIAN (%),OTHERS (%)
P.1_N.1,PERLIS,P.1,PADANG BESAR,N.1,TITI TINGGI,4738,,1336,240,7,6321,_,74.96,0.00,21.14,3.80,0.11
P.1_N.2,PERLIS,P.1,PADANG BESAR,N.2,BESERI,4400,,2310,70,33,6813,_,64.58,0.00,33.91,1.03,0.48
P.1_N.3,PERLIS,P.1,PADANG BESAR,N.3,CHUPING,5734,,282,92,736,6844,_,83.78,0.00,4.12,1.34,10.75
P.1_N.4,PERLIS,P.1,PADANG BESAR,N.4,MATA AYER,5382,,191,127,257,5957,_,90.35,0.00,3.21,2.13,4.31
P.1_N.5,PERLIS,P.1,PADANG BESAR,N.5,SANTAN,6266,,79,12,1,6358,_,98.55,0.00,1.24,0.19,0.02
P.2_N.6,PERLIS,P.2,KANGAR,N.6,BINTONG,6935,,163,78,1,7177,_,96.63,0.00,2.27,1.09,0.01
P.2_N.7,PERLIS,P.2,KANGAR,N.7,SENA,5340,,937,246,317,6840,_,78.07,0.00,13.70,3.60,4.63
P.2_N.8,PERLIS,P.2,KANGAR,N.8,INDERA KAYANGAN,3336,,3745,492,22,7595,_,43.92,0.00,49.31,6.48,0.29
P.2_N.9,PERLIS,P.2,KANGAR,N.9,KUALA PERLIS,5334,,1602,9,22,6967,_,76.56,0.00,22.99,0.13,0.32
P.2_N.10,PERLIS,P.2,KANGAR,N.10,KAYANG,5953,,196,4,138,6291,_,94.63,0.00,3.12,0.06,2.19
P.3_N.11,PERLIS,P.3,ARAU,N.11,PAUH,5184,,1344,425,86,7039,_,73.65,0.00,19.09,6.04,1.22
P.3_N.12,PERLIS,P.3,ARAU,N.12,TAMBUN TULANG,6447,,254,57,447,7205,_,89.48,0.00,3.53,0.79,6.20
P.3_N.13,PERLIS,P.3,ARAU,N.13,GUAR SANJI,6601,,99,26,3,6729,_,98.10,0.00,1.47,0.39,0.04
P.3_N.14,PERLIS,P.3,ARAU,N.14,SIMPANG EMPAT,5283,,793,26,2,6104,_,86.55,0.00,12.99,0.43,0.03
P.3_N.15,PERLIS,P.3,ARAU,N.15,SANGLANG,5862,,687,13,7,6569,_,89.24,0.00,10.46,0.20,0.11
P.4_N.1,KEDAH,P.4,LANGKAWI,N.1,PADANG MATSIRAT,11167,,204,30,2,11403,_,97.93,0.00,1.79,0.26,0.02
P.4_N.2,KEDAH,P.4,LANGKAWI,N.2,KUAH,7845,,1014,538,8,9405,_,83.41,0.00,10.78,5.72,0.09
P.5_N.3,KEDAH,P.5,JERLUN,N.3,AYER HITAM,18920,,2199,28,144,21291,_,88.86,0.00,10.33,0.13,0.68
P.5_N.4,KEDAH,P.5,JERLUN,N.4,KOTA SIPUTEH,18830,,1894,40,462,21226,_,88.71,0.00,8.92,0.19,2.18
P.6_N.5,KEDAH,P.6,KUBANG PASU,N.5,TUNJANG,19373,,1824,555,155,21907,_,88.43,0.00,8.33,2.53,0.71
P.6_N.6,KEDAH,P.6,KUBANG PASU,N.6,JITRA,17565,,2849,1324,247,21985,_,79.90,0.00,12.96,6.02,1.12
P.7_N.7,KEDAH,P.7,PADANG TERAP,N.7,KUALA NERANG,13221,,344,79,117,13761,_,96.08,0.00,2.50,0.57,0.85
P.7_N.8,KEDAH,P.7,PADANG TERAP,N.8,PEDU,11640,,125,6,773,12544,_,92.79,0.00,1.00,0.05,6.16
P.8_N.9,KEDAH,P.8,POKOK SENA,N.9,BUKIT LADA,19593,,1593,416,19,21621,_,90.62,0.00,7.37,1.92,0.09
P.8_N.10,KEDAH,P.8,POKOK SENA,N.10,LANGGAR,17645,,1291,182,16,19134,_,92.22,0.00,6.75,0.95,0.08
P.8_N.11,KEDAH,P.8,POKOK SENA,N.11,TANJONG SERI,16154,,4497,412,60,21123,_,76.48,0.00,21.29,1.95,0.28
P.9_N.12,KEDAH,P.9,ALOR SETAR,N.12,DERGA,8135,,9887,1601,57,19680,_,41.34,0.00,50.24,8.14,0.29
P.9_N.13,KEDAH,P.9,ALOR SETAR,N.13,KOTA DARUL AMAN,7296,,14053,1394,63,22806,_,31.99,0.00,61.62,6.11,0.28
P.9_N.14,KEDAH,P.9,ALOR SETAR,N.14,ALOR MERAH,13444,,4505,1156,18,19123,_,70.30,0.00,23.56,6.05,0.09
P.10_N.15,KEDAH,P.10,KUALA KEDAH,N.15,ANAK BUKIT,15506,,2075,226,51,17858,_,86.83,0.00,11.62,1.27,0.29
P.10_N.16,KEDAH,P.10,KUALA KEDAH,N.16,KUBANG ROTAN,14035,,3653,136,58,17882,_,78.49,0.00,20.43,0.76,0.32
P.10_N.17,KEDAH,P.10,KUALA KEDAH,N.17,PENGKALAN KUNDOR,16330,,3490,192,15,20027,_,81.54,0.00,17.43,0.96,0.07
P.11_N.18,KEDAH,P.11,PENDANG,N.18,BUKIT RAYA,22812,,2586,65,36,25499,_,89.46,0.00,10.14,0.25,0.14
P.11_N.19,KEDAH,P.11,PENDANG,N.19,SUNGAI TIANG,20729,,787,355,2655,24526,_,84.52,0.00,3.21,1.45,10.83
P.12_N.20,KEDAH,P.12,YAN,N.20,SALA,19291,,1760,5,22,21078,_,91.52,0.00,8.35,0.02,0.10
P.12_N.21,KEDAH,P.12,YAN,N.21,GUAR CHEMPEDAK,15575,,2561,129,18,18283,_,85.19,0.00,14.01,0.71,0.10
P.13_N.22,KEDAH,P.13,SIK,N.22,BELANTEK,13031,,389,42,584,14046,_,92.77,0.00,2.77,0.30,4.16
P.13_N.23,KEDAH,P.13,SIK,N.23,JENERI,14161,,269,17,1038,15485,_,91.45,0.00,1.74,0.11,6.70
P.14_N.24,KEDAH,P.14,MERBOK,N.24,BUKIT SELAMBAU,9552,,4297,6860,159,20868,_,45.77,0.00,20.59,32.87,0.76
P.14_N.25,KEDAH,P.14,MERBOK,N.25,GURUN,9732,,5020,3994,46,18792,_,51.79,0.00,26.71,21.25,0.24
P.14_N.26,KEDAH,P.14,MERBOK,N.26,TANJONG DAWAI,14166,,3660,966,12,18804,_,75.34,0.00,19.46,5.14,0.06
P.15_N.27,KEDAH,P.15,SUNGAI PETANI,N.27,PANTAI MERDEKA,18800,,1414,174,7,20395,_,92.18,0.00,6.93,0.85,0.03
P.15_N.28,KEDAH,P.15,SUNGAI PETANI,N.28,BAKAR ARANG,10917,,9707,2055,186,22865,_,47.75,0.00,42.45,8.99,0.81
P.15_N.29,KEDAH,P.15,SUNGAI PETANI,N.29,SIDAM,6687,,8954,4978,91,20710,_,32.29,0.00,43.24,24.04,0.44
P.16_N.30,KEDAH,P.16,BALING,N.30,BAYU,20371,,1785,423,524,23103,_,88.17,0.00,7.73,1.83,2.27
P.16_N.31,KEDAH,P.16,BALING,N.31,KUPANG,23366,,1475,727,148,25716,_,90.86,0.00,5.74,2.83,0.58
P.17_N.32,KEDAH,P.17,PADANG SERAI,N.32,KUALA KETIL,12044,,1722,3245,93,17104,_,70.42,0.00,10.07,18.97,0.54
P.17_N.33,KEDAH,P.17,PADANG SERAI,N.33,MERBAU PULAS,12252,,3184,4660,50,20146,_,60.82,0.00,15.80,23.13,0.25
P.17_N.34,KEDAH,P.17,PADANG SERAI,N.34,LUNAS,9652,,8503,4291,26,22472,_,42.95,0.00,37.84,19.09,0.12
P.18_N.35,KEDAH,P.18,KULIM-BANDAR BAHARU,N.35,KULIM,12586,,5810,4366,23,22785,_,55.24,0.00,25.50,19.16,0.10
P.18_N.36,KEDAH,P.18,KULIM-BANDAR BAHARU,N.36,BANDAR BAHARU,14828,,3891,1414,2,20135,_,73.64,0.00,19.32,7.02,0.01
P.19_N.1,KELANTAN,P.19,TUMPAT,N.1,PENGKALAN KUBOR,"12,732",,25,11,"1,292","14,060",_,90.55,0.00,0.18,0.08,9.19
P.19_N.2,KELANTAN,P.19,TUMPAT,N.2,KELABORAN,"12,731",,523,106,"1,629","14,989",_,84.94,0.00,3.49,0.71,10.87
P.19_N.3,KELANTAN,P.19,TUMPAT,N.3,PASIR PEKAN,"14,317",,9,9,16,"14,351",_,99.76,0.00,0.06,0.06,0.11
P.20_N.4,KELANTAN,P.20,PENGKALAN CHEPA,N.4,KIJANG,"12,140",,653,7,23,"12,823",_,94.67,0.00,5.09,0.05,0.18
P.20_N.5,KELANTAN,P.20,PENGKALAN CHEPA,N.5,CHEMPAKA,"14,715",,111,32,8,"14,866",_,98.98,0.00,0.75,0.22,0.05
P.20_N.6,KELANTAN,P.20,PENGKALAN CHEPA,N.6,PANCHOR,"13,569",,198,56,39,"13,862",_,97.89,0.00,1.43,0.40,0.28
P.21_N.7,KELANTAN,P.21,KOTA BHARU,N.7,TANJONG MAS,"15,786",,790,70,32,"16,678",_,94.65,0.00,4.74,0.42,0.19
P.21_N.8,KELANTAN,P.21,KOTA BHARU,N.8,KOTA LAMA,"13,815",,"8,933",445,159,"23,352",_,59.16,0.00,38.25,1.91,0.68
P.21_N.9,KELANTAN,P.21,KOTA BHARU,N.9,BUNUT PAYONG,"14,384",,"1,400",237,34,"16,055",_,89.59,0.00,8.72,1.48,0.21
P.22_N.10,KELANTAN,P.22,PASIR MAS,N.10,WAKAF BHARU,"15,122",,848,9,413,"16,392",_,92.25,0.00,5.17,0.05,2.52
P.22_N.11,KELANTAN,P.22,PASIR MAS,N.11,TENDONG,"13,644",,313,1,53,"14,011",_,97.38,0.00,2.23,0.01,0.38
P.22_N.12,KELANTAN,P.22,PASIR MAS,N.12,PENGKALAN PASIR,"15,087",,720,53,33,"15,893",_,94.93,0.00,4.53,0.33,0.21
P.23_N.13,KELANTAN,P.23,RANTAU PANJANG,N.13,MERANTI,"11,388",,4,0,112,"11,504",_,98.99,0.00,0.03,0.00,0.97
P.23_N.14,KELANTAN,P.23,RANTAU PANJANG,N.14,GUAL PERIOK,"15,284",,252,18,137,"15,691",_,97.41,0.00,1.61,0.11,0.87
P.23_N.15,KELANTAN,P.23,RANTAU PANJANG,N.15,BUKIT TUKU,"13,464",,245,16,303,"14,028",_,95.98,0.00,1.75,0.11,2.16
P.24_N.16,KELANTAN,P.24,KUBANG KERIAN,N.16,SALOR,"13,278",,170,0,81,"13,529",_,98.14,0.00,1.26,0.00,0.60
P.24_N.17,KELANTAN,P.24,KUBANG KERIAN,N.17,PASIR TUMBOH,"11,942",,71,7,17,"12,037",_,99.21,0.00,0.59,0.06,0.14
P.24_N.18,KELANTAN,P.24,KUBANG KERIAN,N.18,KENALI,"15,970",,234,31,35,"16,270",_,98.16,0.00,1.44,0.19,0.22
P.25_N.19,KELANTAN,P.25,BACHOK,N.19,TAWANG,"14,602",,73,0,47,"14,722",_,99.18,0.00,0.50,0.00,0.32
P.25_N.20,KELANTAN,P.25,BACHOK,N.20,PERUPOK,"14,935",,167,1,295,"15,398",_,96.99,0.00,1.08,0.01,1.92
P.25_N.21,KELANTAN,P.25,BACHOK,N.21,JELAWAT,"17,143",,147,1,66,"17,357",_,98.77,0.00,0.85,0.01,0.38
P.26_N.22,KELANTAN,P.26,PERINGAT,N.22,MELOR,"13,247",,243,11,205,"13,706",_,96.65,0.00,1.77,0.08,1.50
P.26_N.23,KELANTAN,P.26,PERINGAT,N.23,KADOK,"11,889",,141,3,86,"12,119",_,98.10,0.00,1.16,0.02,0.71
P.26_N.24,KELANTAN,P.26,PERINGAT,N.24,KETEREH,"13,587",,182,55,216,"14,040",_,96.77,0.00,1.30,0.39,1.54
P.27_N.25,KELANTAN,P.27,TANAH MERAH,N.25,CHETOK,"12,470",,314,0,175,"12,959",_,96.23,0.00,2.42,0.00,1.35
P.27_N.26,KELANTAN,P.27,TANAH MERAH,N.26,BUKIT PANAU,"13,367",,"1,097",37,382,"14,883",_,89.81,0.00,7.37,0.25,2.57
P.27_N.27,KELANTAN,P.27,TANAH MERAH,N.27,GUAL IPOH,"10,692",,221,481,54,"11,448",_,93.40,0.00,1.93,4.20,0.47
P.28_N.28,KELANTAN,P.28,PASIR PUTEH,N.28,SELISING,"13,342",,87,2,37,"13,468",_,99.06,0.00,0.65,0.01,0.27
P.28_N.29,KELANTAN,P.28,PASIR PUTEH,N.29,LIMBONGAN,"14,226",,528,37,77,"14,868",_,95.68,0.00,3.55,0.25,0.52
P.28_N.30,KELANTAN,P.28,PASIR PUTEH,N.30,SEMERAK,"11,385",,35,0,277,"11,697",_,97.33,0.00,0.30,0.00,2.37
P.28_N.31,KELANTAN,P.28,PASIR PUTEH,N.31,GAAL,"11,414",,23,0,92,"11,529",_,99.00,0.00,0.20,0.00,0.80
P.29_N.32,KELANTAN,P.29,MACHANG,N.32,PULAI CHONDONG,"11,700",,475,10,155,"12,340",_,94.81,0.00,3.85,0.08,1.26
P.29_N.33,KELANTAN,P.29,MACHANG,N.33,BANGGOL JUDAH,"12,698",,878,28,87,"13,691",_,92.75,0.00,6.41,0.20,0.64
P.29_N.34,KELANTAN,P.29,MACHANG,N.34,KEMUNING,"11,685",,322,63,96,"12,166",_,96.05,0.00,2.65,0.52,0.79
P.30_N.35,KELANTAN,P.30,JELI,N.35,KEMAHANG,"12,171",,13,16,97,"12,297",_,98.98,0.00,0.11,0.13,0.79
P.30_N.36,KELANTAN,P.30,JELI,N.36,AIR LANAS,"10,447",,5,0,2,"10,454",_,99.93,0.00,0.05,0.00,0.02
P.30_N.37,KELANTAN,P.30,JELI,N.37,PERGAU,"8,515",,21,33,25,"8,594",_,99.08,0.00,0.24,0.38,0.29
P.31_N.38,KELANTAN,P.31,KUALA KRAI,N.38,GUCHIL,"9,324",,"1,854",628,220,"12,026",_,77.53,0.00,15.42,5.22,1.83
P.31_N.39,KELANTAN,P.31,KUALA KRAI,N.39,MENGKEBANG,"12,405",,264,263,46,"12,978",_,95.58,0.00,2.03,2.03,0.35
P.31_N.40,KELANTAN,P.31,KUALA KRAI,N.40,MANEK URAI,"10,087",,17,11,12,"10,127",_,99.61,0.00,0.17,0.11,0.12
P.32_N.41,KELANTAN,P.32,GUA MUSANG,N.41,DABONG,"6,911",,5,66,4,"6,986",_,98.93,0.00,0.07,0.94,0.06
P.32_N.42,KELANTAN,P.32,GUA MUSANG,N.42,PALOH,"9,116",,4,2,44,"9,166",_,99.45,0.00,0.04,0.02,0.48
P.32_N.43,KELANTAN,P.32,GUA MUSANG,N.43,GALAS,"6,228",,"1,864",169,"2,727","10,988",_,56.68,0.00,16.96,1.54,24.82
P.33_N.1,TERENGGANU,P.33,BESUT,N.1,KUALA BESUT,"9,626",,104,4,11,"9,745",_,98.78,0.00,1.07,0.04,0.11
P.33_N.2,TERENGGANU,P.33,BESUT,N.2,KAMPUNG RAJA,"10,468",,69,28,56,"10,621",_,98.56,0.00,0.65,0.26,0.53
P.33_N.3,TERENGGANU,P.33,BESUT,N.3,JERTIH,"10,075",,540,34,28,"10,677",_,94.36,0.00,5.06,0.32,0.26
P.33_N.4,TERENGGANU,P.33,BESUT,N.4,HULU BESUT,"10,017",,105,10,7,"10,139",_,98.80,0.00,1.04,0.10,0.07
P.34_N.5,TERENGGANU,P.34,SETIU,N.5,JABI,"9,803",,58,2,31,"9,894",_,99.08,0.00,0.59,0.02,0.31
P.34_N.6,TERENGGANU,P.34,SETIU,N.6,PERMAISURI,"10,666",,102,3,16,"10,787",_,98.88,0.00,0.95,0.03,0.15
P.34_N.7,TERENGGANU,P.34,SETIU,N.7,LANGKAP,"8,920",,2,1,1,"8,924",_,99.96,0.00,0.02,0.01,0.01
P.34_N.8,TERENGGANU,P.34,SETIU,N.8,BATU RAKIT,"8,158",,40,0,20,"8,218",_,99.27,0.00,0.49,0.00,0.24
P.35_N.9,TERENGGANU,P.35,KUALA NERUS,N.9,TEPUH,"11,682",,106,10,1,"11,799",_,99.01,0.00,0.90,0.08,0.01
P.35_N.10,TERENGGANU,P.35,KUALA NERUS,N.10,TELUK PASU,"10,931",,4,2,0,"10,937",_,99.95,0.00,0.04,0.02,0.00
P.35_N.11,TERENGGANU,P.35,KUALA NERUS,N.11,SEBERANG TAKIR,"9,142",,17,27,32,"9,218",_,99.18,0.00,0.18,0.29,0.35
P.35_N.12,TERENGGANU,P.35,KUALA NERUS,N.12,BUKIT TUNGGAL,"8,255",,69,7,3,"8,334",_,99.05,0.00,0.83,0.08,0.04
P.36_N.13,TERENGGANU,P.36,KUALA TERENGGANU,N.13,WAKAF MEMPELAM,"14,601",,64,13,1,"14,679",_,99.47,0.00,0.44,0.09,0.01
P.36_N.14,TERENGGANU,P.36,KUALA TERENGGANU,N.14,BANDAR,"10,155",,"6,378",213,82,"16,828",_,60.35,0.00,37.90,1.27,0.49
P.36_N.15,TERENGGANU,P.36,KUALA TERENGGANU,N.15,LADANG,"11,849",,"1,162",198,23,"13,232",_,89.55,0.00,8.78,1.50,0.17
P.36_N.16,TERENGGANU,P.36,KUALA TERENGGANU,N.16,BATU BURUK,"15,619",,160,79,7,"15,865",_,98.45,0.00,1.01,0.50,0.04
P.37_N.17,TERENGGANU,P.37,MARANG,N.17,ALUR LIMBAT,"13,017",,331,14,5,"13,367",_,97.38,0.00,2.48,0.10,0.04
P.37_N.18,TERENGGANU,P.37,MARANG,N.18,BUKIT PAYUNG,"11,280",,19,6,0,"11,305",_,99.78,0.00,0.17,0.05,0.00
P.37_N.19,TERENGGANU,P.37,MARANG,N.19,RU RENDANG,"13,459",,122,10,6,"13,597",_,98.99,0.00,0.90,0.07,0.04
P.37_N.20,TERENGGANU,P.37,MARANG,N.20,PENGKALAN BERANGAN,"12,961",,706,12,4,"13,683",_,94.72,0.00,5.16,0.09,0.03
P.38_N.21,TERENGGANU,P.38,HULU TERENGGANU,N.21,TELEMUNG,"7,767",,3,0,18,"7,788",_,99.73,0.00,0.04,0.00,0.23
P.38_N.22,TERENGGANU,P.38,HULU TERENGGANU,N.22,MANIR,"9,273",,75,5,3,"9,356",_,99.11,0.00,0.80,0.05,0.03
P.38_N.23,TERENGGANU,P.38,HULU TERENGGANU,N.23,KUALA BERANG,"9,109",,109,32,5,"9,255",_,98.42,0.00,1.18,0.35,0.05
P.38_N.24,TERENGGANU,P.38,HULU TERENGGANU,N.24,AJIL,"9,667",,107,7,2,"9,783",_,98.81,0.00,1.09,0.07,0.02
P.39_N.25,TERENGGANU,P.39,DUNGUN,N.25,BUKIT BESI,"7,377",,86,32,7,"7,502",_,98.33,0.00,1.15,0.43,0.09
P.39_N.26,TERENGGANU,P.39,DUNGUN,N.26,RANTAU ABANG,"9,603",,131,28,11,"9,773",_,98.26,0.00,1.34,0.29,0.11
P.39_N.27,TERENGGANU,P.39,DUNGUN,N.27,SURA,"10,735",,"1,449",171,9,"12,364",_,86.82,0.00,11.72,1.38,0.07
P.39_N.28,TERENGGANU,P.39,DUNGUN,N.28,PAKA,"10,394",,298,45,0,"10,737",_,96.81,0.00,2.78,0.42,0.00
P.40_N.29,TERENGGANU,P.40,KEMAMAN,N.29,KEMASIK,8732,,416,71,0,"9,219",_,94.72,0.00,4.51,0.77,0.00
P.40_N.30,TERENGGANU,P.40,KEMAMAN,N.30,KIJAL,8542,,202,64,0,"8,808",_,96.98,0.00,2.29,0.73,0.00
P.40_N.31,TERENGGANU,P.40,KEMAMAN,N.31,CUKAI,"11,810",,"2,940",230,13,"14,993",_,78.77,0.00,19.61,1.53,0.09
P.40_N.32,TERENGGANU,P.40,KEMAMAN,N.32,AIR PUTIH,"11,218",,459,239,6,"11,922",_,94.09,0.00,3.85,2.00,0.05
P.41_N.1,PULAU PINANG,P.41,KEPALA BATAS,N.1,PENAGA,"9,804",,"1,387",54,0,"11,245",_,87.19,0.00,12.33,0.48,0.00
P.41_N.2,PULAU PINANG,P.41,KEPALA BATAS,N.2,BERTAM,"6,699",,"3,322",973,0,"10,994",_,60.93,0.00,30.22,8.85,0.00
P.41_N.3,PULAU PINANG,P.41,KEPALA BATAS,N.3,PINANG TUNGGAL,"7,967",,"3,433",674,15,"12,089",_,65.90,0.00,28.40,5.58,0.12
P.42_N.4,PULAU PINANG,P.42,TASEK GELUGOR,N.4,PERMATANG BERANGAN,"9,072",,"1,422","1,014",0,"11,508",_,78.83,0.00,12.36,8.81,0.00
P.42_N.5,PULAU PINANG,P.42,TASEK GELUGOR,N.5,SUNGAI DUA,"9,751",,"1,260",123,0,"11,134",_,87.58,0.00,11.32,1.10,0.00
P.42_N.6,PULAU PINANG,P.42,TASEK GELUGOR,N.6,TELOK AYER TAWAR,"8,168",,"3,136","1,354",7,"12,665",_,64.49,0.00,24.76,10.69,0.06
P.43_N.7,PULAU PINANG,P.43,BAGAN,N.7,SUNGAI PUYU,"1,431",,"20,044","2,281",15,"23,771",_,6.02,0.00,84.32,9.60,0.06
P.43_N.8,PULAU PINANG,P.43,BAGAN,N.8,BAGAN JERMAL,"5,615",,"13,445","3,588",15,"22,663",_,24.78,0.00,59.33,15.83,0.07
P.43_N.9,PULAU PINANG,P.43,BAGAN,N.9,PERAI,"4,474",,"11,037","6,779",10,"22,300",_,20.06,0.00,49.49,30.40,0.04
P.44_N.10,PULAU PINANG,P.44,PERMATANG PAUH,N.10,SEBERANG JAYA,"11,086",,"3,710","1,806",10,"16,612",_,66.73,0.00,22.33,10.87,0.06
P.44_N.11,PULAU PINANG,P.44,PERMATANG PAUH,N.11,PERMATANG PASIR,"10,285",,"5,320",351,1,"15,957",_,64.45,0.00,33.34,2.20,0.01
P.44_N.12,PULAU PINANG,P.44,PERMATANG PAUH,N.12,PENANTI,"8,450",,"4,002",395,44,"12,891",_,65.55,0.00,31.04,3.06,0.34
P.45_N.13,PULAU PINANG,P.45,BUKIT MERTAJAM,N.13,BERAPIT,781,,"15,416","1,401",2,"17,600",_,4.44,0.00,87.59,7.96,0.01
P.45_N.14,PULAU PINANG,P.45,BUKIT MERTAJAM,N.14,MACHANG BUBUK,"6,839",,"10,972","1,622",10,"19,443",_,35.17,0.00,56.43,8.34,0.05
P.45_N.15,PULAU PINANG,P.45,BUKIT MERTAJAM,N.15,BUKIT TENGAH,"5,757",,"14,123","2,911",10,"22,801",_,25.25,0.00,61.94,12.77,0.04
P.46_N.16,PULAU PINANG,P.46,NIBONG TEBAL,N.16,SUNGAI BAKAP,"7,736",,"5,693","2,066",2,"15,497",_,49.92,0.00,36.74,13.33,0.01
P.46_N.17,PULAU PINANG,P.46,NIBONG TEBAL,N.17,JAWI,"2,609",,"13,744","3,483",1,"19,837",_,13.15,0.00,69.28,17.56,0.01
P.46_N.18,PULAU PINANG,P.46,NIBONG TEBAL,N.18,SUNGAI ACHEH,"6,796",,"3,546","1,455",0,"11,797",_,57.61,0.00,30.06,12.33,0.00
P.47_N.19,PULAU PINANG,P.47,BUKIT BENDERA,N.19,TANJONG BUNGA,"5,153",,"15,220","2,511",356,"23,240",_,22.17,0.00,65.49,10.80,1.53
P.47_N.20,PULAU PINANG,P.47,BUKIT BENDERA,N.20,AIR ITAM,"1,974",,"20,285","1,514",74,"23,847",_,8.28,0.00,85.06,6.35,0.31
P.47_N.21,PULAU PINANG,P.47,BUKIT BENDERA,N.21,KEBUN BUNGA,"3,030",,"14,059","2,847",267,"20,203",_,15.00,0.00,69.59,14.09,1.32
P.48_N.22,PULAU PINANG,P.48,TANJONG,N.22,PADANG KOTA,"1,434",,"15,617","2,963",79,"20,093",_,7.14,0.00,77.72,14.75,0.39
P.48_N.23,PULAU PINANG,P.48,TANJONG,N.23,PENGKALAN KOTA,135,,"20,276",733,14,"21,158",_,0.64,0.00,95.83,3.46,0.07
P.48_N.24,PULAU PINANG,P.48,TANJONG,N.24,KAMPONG KOLAM,"1,724",,"18,676","1,193",30,"21,623",_,7.97,0.00,86.37,5.52,0.14
P.49_N.25,PULAU PINANG,P.49,JELUTONG,N.25,DATOK KERAMAT,"5,818",,"10,936","2,755",46,"19,555",_,29.75,0.00,55.92,14.09,0.24
P.49_N.26,PULAU PINANG,P.49,JELUTONG,N.26,SUNGAI PINANG,"5,901",,"9,483","3,329",36,"18,749",_,31.47,0.00,50.58,17.76,0.19
P.49_N.27,PULAU PINANG,P.49,JELUTONG,N.27,BATU LANCANG,"1,005",,"17,562","1,107",75,"19,749",_,5.09,0.00,88.93,5.61,0.38
P.50_N.28,PULAU PINANG,P.50,BAYAN BARU,N.28,BUKIT GELUGOR,"3,795",,"15,835","2,399",187,"22,216",_,17.08,0.00,71.28,10.80,0.84
P.50_N.29,PULAU PINANG,P.50,BAYAN BARU,N.29,PAYA TERUBONG,"3,961",,"20,589","1,675",44,"26,269",_,15.08,0.00,78.38,6.38,0.17
P.50_N.30,PULAU PINANG,P.50,BAYAN BARU,N.30,BATU UBAN,"10,132",,"10,860","4,534",135,"25,661",_,39.48,0.00,42.32,17.67,0.53
P.51_N.31,PULAU PINANG,P.51,BALIK PULAU,N.31,BAYAN LEPAS,"10,733",,"8,946","1,512",60,"21,251",_,50.51,0.00,42.10,7.11,0.28
P.51_N.32,PULAU PINANG,P.51,BALIK PULAU,N.32,TELOK KUMBAR,"11,250",,"5,734",797,29,"17,810",_,63.17,0.00,32.20,4.48,0.16
P.51_N.33,PULAU PINANG,P.51,BALIK PULAU,N.33,TELOK BAHANG,"9,610",,"6,413",378,24,"16,425",_,58.51,0.00,39.04,2.30,0.15
P.52_N.1,PERAK,P.52,GERIK,N.1,PENGKALAN HULU,"8,449",,"1,975",982,"1,406","12,812",_,65.95,0.00,15.42,7.66,10.97
P.52_N.2,PERAK,P.52,GERIK,N.2,TEMENGOR,"6,739",,"3,306",412,"1,120","11,577",_,58.21,0.00,28.56,3.56,9.67
P.52_N.3,PERAK,P.52,GERIK,N.3,KENERING,"8,386",,"2,294",75,380,"11,135",_,75.31,0.00,20.60,0.67,3.41
P.53_N.4,PERAK,P.53,LARUT,N.4,SELAMA,"14,201",,"1,776",979,1,"16,957",_,83.75,0.00,10.47,5.77,0.01
P.53_N.5,PERAK,P.53,LARUT,N.5,BATU KURAU,"13,932",,"1,272","2,077",47,"17,328",_,80.40,0.00,7.34,11.99,0.27
P.54_N.6,PERAK,P.54,PARIT BUNTAR,N.6,TITI SERONG,"15,454",,"3,785","1,498",2,"20,739",_,74.52,0.00,18.25,7.22,0.01
P.54_N.7,PERAK,P.54,PARIT BUNTAR,N.7,KUALA KURAU,"11,733",,"8,001",395,1,"20,130",_,58.29,0.00,39.75,1.96,0.00
P.55_N.8,PERAK,P.55,BAGAN SERAI,N.8,ALOR PONGSU,"11,014",,"3,519","3,547",21,"18,101",_,60.85,0.00,19.44,19.60,0.12
P.55_N.9,PERAK,P.55,BAGAN SERAI,N.9,GUNONG SEMANGGOL,"15,671",,"3,762","2,619",46,"22,098",_,70.92,0.00,17.02,11.85,0.21
P.56_N.10,PERAK,P.56,BUKIT GANTANG,N.10,KUALA SAPETANG,"10,339",,"6,059","1,725",21,"18,144",_,56.98,0.00,33.39,9.51,0.12
P.56_N.11,PERAK,P.56,BUKIT GANTANG,N.11,CHANGKAT JERING,"11,122",,"4,856","1,675",1,"17,654",_,63.00,0.00,27.51,9.49,0.01
P.56_N.12,PERAK,P.56,BUKIT GANTANG,N.12,TRONG,"10,395",,"2,599","1,441",5,"14,440",_,71.99,0.00,18.00,9.98,0.03
P.57_N.13,PERAK,P.57,TAIPING,N.13,KAMUNTING,"11,561",,"2,243","2,048",39,"15,891",_,72.75,0.00,14.11,12.89,0.25
P.57_N.14,PERAK,P.57,TAIPING,N.14,POKOK ASSAM,"3,809",,"18,347","3,127",51,"25,334",_,15.04,0.00,72.42,12.34,0.20
P.57_N.15,PERAK,P.57,TAIPING,N.15,AULONG,"8,182",,"12,362","3,458",116,"24,118",_,33.92,0.00,51.26,14.34,0.48
P.58_N.16,PERAK,P.58,CHENDEROH,N.16,LENGGONG,"11,476",,"3,444",700,6,"15,626",_,73.44,0.00,22.04,4.48,0.04
P.58_N.17,PERAK,P.58,CHENDEROH,N.17,LUBOK MERBAU,"12,671",,"3,621",985,3,"17,280",_,73.33,0.00,20.95,5.70,0.02
P.59_N.18,PERAK,P.59,SUNGAI SIPUT,N.18,LINTANG,"10,478",,"3,422","3,577","1,545","19,022",_,55.08,0.00,17.99,18.80,8.12
P.59_N.19,PERAK,P.59,SUNGAI SIPUT,N.19,JALONG,"2,497",,"15,551","5,296",509,"23,853",_,10.47,0.00,65.20,22.20,2.13
P.60_N.20,PERAK,P.60,TAMBUN,N.20,MANJOI,"17,966",,"7,921","2,787",3,"28,677",_,62.65,0.00,27.62,9.72,0.01
P.60_N.21,PERAK,P.60,TAMBUN,N.21,HULU KINTA,"14,137",,"8,004","3,386",857,"26,384",_,53.58,0.00,30.34,12.83,3.25
P.61_N.22,PERAK,P.61,IPOH TIMOR,N.22,TAMAN CANNING,"3,100",,"20,484","2,051",127,"25,762",_,12.03,0.00,79.51,7.96,0.49
P.61_N.23,PERAK,P.61,IPOH TIMOR,N.23,TEBING TINGGI,"2,787",,"17,128","1,243",26,"21,184",_,13.16,0.00,80.85,5.87,0.12
P.61_N.24,PERAK,P.61,IPOH TIMOR,N.24,PASIR PINJI,"1,105",,"22,668",257,17,"24,047",_,4.60,0.00,94.27,1.07,0.07
P.62_N.25,PERAK,P.62,IPOH BARAT,N.25,BERCHAM,"5,285",,"22,759","3,027",16,"31,087",_,17.00,0.00,73.21,9.74,0.05
P.62_N.26,PERAK,P.62,IPOH BARAT,N.26,BUNTONG,"2,033",,"18,300","10,923",6,"31,262",_,6.50,0.00,58.54,34.94,0.02
P.63_N.27,PERAK,P.63,BATU GAJAH,N.27,MENGLEMBU,"1,106",,"22,845","3,089",7,"27,047",_,4.09,0.00,84.46,11.42,0.03
P.63_N.28,PERAK,P.63,BATU GAJAH,N.28,LAHAT,"6,165",,"19,851","2,549",50,"28,615",_,21.54,0.00,69.37,8.91,0.17
P.64_N.29,PERAK,P.64,KUALA KANGSAR,N.29,BUKIT CHANDAN,"9,728",,"4,736","1,420",427,"16,311",_,59.64,0.00,29.04,8.71,2.62
P.64_N.30,PERAK,P.64,KUALA KANGSAR,N.30,MANONG,"9,911",,"3,817","1,066",3,"14,797",_,66.98,0.00,25.80,7.20,0.02
P.65_N.31,PERAK,P.65,BERUAS,N.31,PENGKALAN BAHARU,"9,652",,"4,220","2,126",4,"16,002",_,60.32,0.00,26.37,13.29,0.02
P.65_N.32,PERAK,P.65,BERUAS,N.32,PANTAI REMIS,"4,056",,"17,269","3,518",8,"24,851",_,16.32,0.00,69.49,14.16,0.03
P.66_N.33,PERAK,P.66,PARIT,N.33,BELANJA,"12,552",,"2,979",804,0,"16,335",_,76.84,0.00,18.24,4.92,0.00
P.66_N.34,PERAK,P.66,PARIT,N.34,BOTA,"12,357",,"3,705",343,9,"16,414",_,75.28,0.00,22.57,2.09,0.05
P.67_N.35,PERAK,P.67,GOPENG,N.35,RAPAT SETIA,"11,633",,"8,417","2,011",162,"22,223",_,52.35,0.00,37.88,9.05,0.73
P.67_N.36,PERAK,P.67,GOPENG,N.36,TEJA,"7,922",,"10,022","1,802","1,123","20,869",_,37.96,0.00,48.02,8.63,5.38
P.68_N.37,PERAK,P.68,KAMPAR,N.37,TUALANG SEKAH,"8,530",,"5,117","2,418",2,"16,067",_,53.09,0.00,31.85,15.05,0.01
P.68_N.38,PERAK,P.68,KAMPAR,N.38,KUALA DIPANG,"2,208",,"15,656","2,019",198,"20,081",_,11.00,0.00,77.96,10.05,0.99
P.68_N.39,PERAK,P.68,KAMPAR,N.39,MALIM NAWAR,"6,410",,"15,713","1,955",274,"24,352",_,26.32,0.00,64.52,8.03,1.13
P.69_N.40,PERAK,P.69,TAPAH,N.40,CHENDERIANG,"5,844",,"7,822","2,342","2,512","18,520",_,31.56,0.00,42.24,12.65,13.56
P.69_N.41,PERAK,P.69,TAPAH,N.41,AYER KUNING,"10,511",,"6,164","2,654","1,209","20,538",_,51.18,0.00,30.01,12.92,5.89
P.70_N.42,PERAK,P.70,PASIR SALAK,N.42,SUNGAI MANIK,"12,816",,"5,734",715,349,"19,614",_,65.34,0.00,29.23,3.65,1.78
P.70_N.43,PERAK,P.70,PASIR SALAK,N.43,KAMPONG GAJAH,"18,401",,473,"1,406",387,"20,667",_,89.04,0.00,2.29,6.80,1.87
P.71_N.44,PERAK,P.71,LUMUT,N.44,PANGKOR,"12,917",,"6,301","1,080",149,"20,447",_,63.17,0.00,30.82,5.28,0.73
P.71_N.45,PERAK,P.71,LUMUT,N.45,PASIR PANJANG,"11,683",,"4,308","3,922",11,"19,924",_,58.64,0.00,21.62,19.68,0.06
P.71_N.46,PERAK,P.71,LUMUT,N.46,SITIAWAN,"1,214",,"17,449","1,862",2,"20,527",_,5.91,0.00,85.01,9.07,0.01
P.72_N.47,PERAK,P.72,BAGAN DATOK,N.47,RUNGKUP,"9,612",,"3,619","2,105",6,"15,342",_,62.65,0.00,23.59,13.72,0.04
P.72_N.48,PERAK,P.72,BAGAN DATOK,N.48,HUTAN MELINTANG,"9,842",,"3,445","6,609",8,"19,904",_,49.45,0.00,17.31,33.20,0.04
P.73_N.49,PERAK,P.73,TELOK INTAN,N.49,PASIR BEDAMAR,"4,532",,"20,063","3,807",9,"28,411",_,15.95,0.00,70.62,13.40,0.03
P.73_N.50,PERAK,P.73,TELOK INTAN,N.50,CHANGKAT JONG,"11,806",,"2,677","6,770",4,"21,257",_,55.54,0.00,12.59,31.85,0.02
P.74_N.51,PERAK,P.74,TANJONG MALIM,N.51,SUNGKAI,"6,039",,"10,701","3,676",851,"21,267",_,28.40,0.00,50.32,17.28,4.00
P.74_N.52,PERAK,P.74,TANJONG MALIM,N.52,SLIM,"17,834",,"6,502","4,702",735,"29,773",_,59.90,0.00,21.84,15.79,2.47
P.75_N.1,PAHANG,P.75,LIPIS,N.1,CAMERON HIGHLANDS,"2,030",,"7,046","3,790",358,"13,224",_,15.35,0.00,53.28,28.66,2.71
P.75_N.2,PAHANG,P.75,LIPIS,N.2,JELAI,"5,022",,60,59,"2,861","8,002",_,62.76,0.00,0.75,0.74,35.75
P.75_N.3,PAHANG,P.75,LIPIS,N.3,PADANG TENGKU,"7,628",,358,447,7,"8,440",_,90.38,0.00,4.24,5.30,0.08
P.75_N.4,PAHANG,P.75,LIPIS,N.4,CEKA,"6,971",,"3,113",642,47,"10,773",_,64.71,0.00,28.90,5.96,0.44
P.76_N.5,PAHANG,P.76,RAUB,N.5,BENTA,"5,226",,"2,392","1,111",9,"8,738",_,59.81,0.00,27.37,12.71,0.10
P.76_N.6,PAHANG,P.76,RAUB,N.6,BATU TALAM,"7,722",,"1,272","1,086",2,"10,082",_,76.59,0.00,12.62,10.77,0.02
P.76_N.7,PAHANG,P.76,RAUB,N.7,TERAS,"4,599",,"12,969","1,908",133,"19,609",_,23.45,0.00,66.14,9.73,0.68
P.76_N.8,PAHANG,P.76,RAUB,N.8,DONG,"7,256",,"4,771",169,117,"12,313",_,58.93,0.00,38.75,1.37,0.95
P.77_N.9,PAHANG,P.77,JERANTUT,N.9,TAHAN,"8,546",,296,113,238,"9,193",_,92.96,0.00,3.22,1.23,2.59
P.77_N.10,PAHANG,P.77,JERANTUT,N.10,DAMAK,"8,220",,"6,213",713,318,"15,464",_,53.16,0.00,40.18,4.61,2.06
P.77_N.11,PAHANG,P.77,JERANTUT,N.11,PULAU TAWAR,"13,767",,38,203,32,"14,040",_,98.06,0.00,0.27,1.45,0.23
P.78_N.12,PAHANG,P.78,KUANTAN,N.12,BESERAH,"12,793",,"5,426",569,20,"18,808",_,68.02,0.00,28.85,3.03,0.11
P.78_N.13,PAHANG,P.78,KUANTAN,N.13,TERUNTUM,"10,255",,"10,614","1,414",10,"22,293",_,46.00,0.00,47.61,6.34,0.04
P.78_N.14,PAHANG,P.78,KUANTAN,N.14,INDERA MAHKOTA,"10,696",,"8,894","1,774",9,"21,373",_,50.04,0.00,41.61,8.30,0.04
P.79_N.15,PAHANG,P.79,PAYA BESAR,N.15,SUNGAI LEMBING,"8,531",,"2,867",238,31,"11,667",_,73.12,0.00,24.57,2.04,0.27
P.79_N.16,PAHANG,P.79,PAYA BESAR,N.16,LEPAR,"12,265",,"2,669",617,251,"15,802",_,77.62,0.00,16.89,3.90,1.59
P.79_N.17,PAHANG,P.79,PAYA BESAR,N.17,PENUR,"15,346",,"1,673",211,8,"17,238",_,89.02,0.00,9.71,1.22,0.05
P.80_N.18,PAHANG,P.80,PEKAN,N.18,KUALA PAHANG,"11,077",,812,212,48,"12,149",_,91.18,0.00,6.68,1.74,0.40
P.80_N.19,PAHANG,P.80,PEKAN,N.19,BEBAR,"8,081",,156,160,"1,175","9,572",_,84.42,0.00,1.63,1.67,12.28
P.80_N.20,PAHANG,P.80,PEKAN,N.20,CINI,"9,694",,69,41,336,"10,140",_,95.60,0.00,0.68,0.40,3.31
P.81_N.21,PAHANG,P.81,MARAN,N.21,LUIT,"5,961",,"1,836",214,55,"8,066",_,73.90,0.00,22.76,2.65,0.68
P.81_N.22,PAHANG,P.81,MARAN,N.22,HULU JEMPUL,"9,152",,868,306,58,"10,384",_,88.14,0.00,8.36,2.95,0.56
P.81_N.23,PAHANG,P.81,MARAN,N.23,JENGKA,"10,692",,24,295,0,"11,011",_,97.10,0.00,0.22,2.68,0.00
P.81_N.24,PAHANG,P.81,MARAN,N.24,CENUR,"8,906",,125,168,9,"9,208",_,96.72,0.00,1.36,1.82,0.10
P.82_N.25,PAHANG,P.82,MENTEKAB,N.25,JENDERAK,"8,641",,"1,232",734,801,"11,408",_,75.75,0.00,10.80,6.43,7.02
P.82_N.26,PAHANG,P.82,MENTEKAB,N.26,SANGGANG,"8,393",,"5,088",642,128,"14,251",_,58.89,0.00,35.70,4.50,0.90
P.82_N.27,PAHANG,P.82,MENTEKAB,N.27,LANCANG,"8,130",,"3,465","2,412",412,"14,419",_,56.38,0.00,24.03,16.73,2.86
P.83_N.28,PAHANG,P.83,BENTUNG,N.28,BILUT,,,,,,,_,#DIV/0!,#DIV/0!,#DIV/0!,#DIV/0!,#DIV/0!
P.83_N.29,PAHANG,P.83,BENTUNG,N.29,KETARI,,,,,,,_,#DIV/0!,#DIV/0!,#DIV/0!,#DIV/0!,#DIV/0!
P.83_N.30,PAHANG,P.83,BENTUNG,N.30,SABAI,,,,,,,_,#DIV/0!,#DIV/0!,#DIV/0!,#DIV/0!,#DIV/0!
P.83_N.31,PAHANG,P.83,BENTUNG,N.31,PELANGAI,,,,,,,_,#DIV/0!,#DIV/0!,#DIV/0!,#DIV/0!,#DIV/0!
P.84_N.32,PAHANG,P.84,TEMERLUH,N.32,SEMANTAN,"11,903",,"3,198",583,19,"15,703",_,75.80,0.00,20.37,3.71,0.12
P.84_N.33,PAHANG,P.84,TEMERLUH,N.33,TERIANG,"2,731",,"8,787",660,6,"12,184",_,22.41,0.00,72.12,5.42,0.05
P.84_N.34,PAHANG,P.84,TEMERLUH,N.34,GUAI,"8,251",,"1,302",510,345,"10,408",_,79.28,0.00,12.51,4.90,3.31
P.84_N.35,PAHANG,P.84,TEMERLUH,N.35,BERA,"6,041",,"3,082",616,610,"10,349",_,58.37,0.00,29.78,5.95,5.89
P.85_N.36,PAHANG,P.85,ROMPIN,N.36,BUKIT IBAM,"9,789",,127,216,863,"10,995",_,89.03,0.00,1.16,1.96,7.85
P.85_N.37,PAHANG,P.85,ROMPIN,N.37,MUADZAM SHAH,"8,172",,111,261,"1,103","9,647",_,84.71,0.00,1.15,2.71,11.43
P.85_N.38,PAHANG,P.85,ROMPIN,N.38,TIOMAN,"8,548",,850,43,457,"9,898",_,86.36,0.00,8.59,0.43,4.62
P.86_N.1,SELANGOR,P.86,SABAK BERNAM,N.1,SUNGAI AIR TAWAR,"7,939",,"1,882",686,1,"10,508",_,75.55,0.00,17.91,6.53,0.01
P.86_N.2,SELANGOR,P.86,SABAK BERNAM,N.2,SABAK,"7,534",,"1,817","1,019",0,"10,370",_,72.65,0.00,17.52,9.83,0.00
P.86_N.3,SELANGOR,P.86,SABAK BERNAM,N.3,SUNGAI BESAR,"10,135",,"3,017",320,3,"13,475",_,75.21,0.00,22.39,2.37,0.02
P.87_N.4,SELANGOR,P.87,TANJUNG KARANG,N.4,SUNGAI PANJANG,"11,572",,145,21,0,"11,738",_,98.59,0.00,1.24,0.18,0.00
P.87_N.5,SELANGOR,P.87,TANJUNG KARANG,N.5,SEKINCAN,"6,696",,"6,246",443,1,"13,386",_,50.02,0.00,46.66,3.31,0.01
P.87_N.6,SELANGOR,P.87,TANJUNG KARANG,N.6,SUNGAI BURUNG,"13,214",,"1,682",236,1,"15,133",_,87.32,0.00,11.11,1.56,0.01
P.88_N.7,SELANGOR,P.88,HULU SELANGOR,N.7,HULU BERNAM,"10,999",,"3,224","2,701",59,"16,983",_,64.76,0.00,18.98,15.90,0.35
P.88_N.8,SELANGOR,P.88,HULU SELANGOR,N.8,KUALA KUBU BAHARU,"3,992",,"8,132","3,308",307,"15,739",_,25.36,0.00,51.67,21.02,1.95
P.88_N.9,SELANGOR,P.88,HULU SELANGOR,N.9,BATANG KALI,"9,097",,"4,287","3,934",359,"17,677",_,51.46,0.00,24.25,22.25,2.03
P.89_N.10,SELANGOR,P.89,KUALA SELANGOR,N.10,PERMATANG,"10,316",,"4,389","3,303",0,"18,008",_,57.29,0.00,24.37,18.34,0.00
P.89_N.11,SELANGOR,P.89,KUALA SELANGOR,N.11,IJUK,"6,403",,"2,820","6,772",4,"15,999",_,40.02,0.00,17.63,42.33,0.03
P.89_N.12,SELANGOR,P.89,KUALA SELANGOR,N.12,JERAM,"10,376",,"2,376","1,930",5,"14,687",_,70.65,0.00,16.18,13.14,0.03
P.90_N.13,SELANGOR,P.90,SELAYANG,N.13,RAWANG,"5,001",,"13,528","4,482",3,"23,014",_,21.73,0.00,58.78,19.48,0.01
P.90_N.14,SELANGOR,P.90,SELAYANG,N.14,SELAYANG BAHARU,"14,945",,"7,675","3,277",8,"25,905",_,57.69,0.00,29.63,12.65,0.03
P.90_N.15,SELANGOR,P.90,SELAYANG,N.15,PAYA JARAS,"14,907",,"5,438","3,803",155,"24,303",_,61.34,0.00,22.38,15.65,0.64
P.91_N.16,SELANGOR,P.91,GOMBAK,N.16,SUNGAI TUA,"11,485",,"3,586","4,155",3,"19,229",_,59.73,0.00,18.65,21.61,0.02
P.91_N.17,SELANGOR,P.91,GOMBAK,N.17,GOMBAK SETIA,"19,299",,"3,012","1,805",405,"24,521",_,78.70,0.00,12.28,7.36,1.65
P.91_N.18,SELANGOR,P.91,GOMBAK,N.18,HULU KLANG,"16,086",,"3,331",645,82,"20,144",_,79.86,0.00,16.54,3.20,0.41
P.92_N.19,SELANGOR,P.92,AMPANG JAYA,N.19,AMPANG,"13,682",,"10,232","1,396",74,"25,384",_,53.90,0.00,40.31,5.50,0.29
P.92_N.20,SELANGOR,P.92,AMPANG JAYA,N.20,PANDAN,"15,664",,"9,379","2,170",55,"27,268",_,57.44,0.00,34.40,7.96,0.20
P.92_N.21,SELANGOR,P.92,AMPANG JAYA,N.21,LEMBAH JAYA,"16,751",,"7,201","2,680",65,"26,697",_,62.74,0.00,26.97,10.04,0.24
P.93_N.22,SELANGOR,P.93,HULU LANGAT,N.22,DUSUN TUA,"13,091",,"5,643","1,025",366,"20,125",_,65.05,0.00,28.04,5.09,1.82
P.93_N.23,SELANGOR,P.93,HULU LANGAT,N.23,KAJANG,"14,941",,"7,828","3,159",21,"25,949",_,57.58,0.00,30.17,12.17,0.08
P.93_N.24,SELANGOR,P.93,HULU LANGAT,N.24,BERANANG,"10,873",,"4,469","3,328",207,"18,877",_,57.60,0.00,23.67,17.63,1.10
P.94_N.25,SELANGOR,P.94,PJ UTARA,N.25,DAMANSARA UTAMA,"4,487",,"29,797","1,667",57,"36,008",_,12.46,0.00,82.75,4.63,0.16
P.94_N.26,SELANGOR,P.94,PJ UTARA,N.26,KAMPUNG TUNKU,"6,692",,"20,378","3,483",46,"30,599",_,21.87,0.00,66.60,11.38,0.15
P.95_N.27,SELANGOR,P.95,PJ SELATAN,N.27,BUKIT GASING,"4,403",,"23,830","4,378",193,"32,804",_,13.42,0.00,72.64,13.35,0.59
P.95_N.28,SELANGOR,P.95,PJ SELATAN,N.28,TAMAN MEDAN,"17,625",,"8,286","5,433",35,"31,379",_,56.17,0.00,26.41,17.31,0.11
P.96_N.29,SELANGOR,P.96,SERDANG,N.29,PUCUNG,"8,942",,"11,285","4,881",109,"25,217",_,35.46,0.00,44.75,19.36,0.43
P.96_N.30,SELANGOR,P.96,SERDANG,N.30,SRI KEMBANGAN,"1,182",,"17,258","1,172",2,"19,614",_,6.03,0.00,87.99,5.98,0.01
P.96_N.31,SELANGOR,P.96,SERDANG,N.31,BALAKONG,"6,693",,"12,485","1,197",5,"20,380",_,32.84,0.00,61.26,5.87,0.02
P.97_N.32,SELANGOR,P.97,SUBANG,N.32,BUKIT LANJAN,"7,964",,"6,683","4,555",290,"19,492",_,40.86,0.00,34.29,23.37,1.49
P.97_N.33,SELANGOR,P.97,SUBANG,N.33,KELANA JAYA,"14,974",,"3,021","7,219",9,"25,223",_,59.37,0.00,11.98,28.62,0.04
P.97_N.34,SELANGOR,P.97,SUBANG,N.34,SUBANG JAYA,"10,657",,"8,917","3,231",30,"22,835",_,46.67,0.00,39.05,14.15,0.13
P.98_N.35,SELANGOR,P.98,SHAH ALAM,N.35,BATU TIGA,"14,585",,"4,635","4,093",23,"23,336",_,62.50,0.00,19.86,17.54,0.10
P.98_N.36,SELANGOR,P.98,SHAH ALAM,N.36,SUNGAI RENGGAM,"16,662",,"7,167","5,727",30,"29,586",_,56.32,0.00,24.22,19.36,0.10
P.98_N.37,SELANGOR,P.98,SHAH ALAM,N.37,KOTA RAJA,"12,389",,"4,517","6,876",3,"23,785",_,52.09,0.00,18.99,28.91,0.01
P.99_N.38,SELANGOR,P.99,KAPAR,N.38,MERU,"11,326",,"5,629","3,094",1,"20,050",_,56.49,0.00,28.07,15.43,0.00
P.99_N.39,SELANGOR,P.99,KAPAR,N.39,SEMENTA,"12,614",,"6,438","3,142",4,"22,198",_,56.82,0.00,29.00,14.15,0.02
P.99_N.40,SELANGOR,P.99,KAPAR,N.40,SELAT KLANG,"13,788",,"7,319","1,927",77,"23,111",_,59.66,0.00,31.67,8.34,0.33
P.100_N.41,SELANGOR,P.100,KLANG,N.41,BANDAR KLANG,"4,018",,"27,700","6,112",18,"37,848",_,10.62,0.00,73.19,16.15,0.05
P.100_N.42,SELANGOR,P.100,KLANG,N.42,PELABUHAN KLANG,"14,456",,"14,666","6,680",10,"35,812",_,40.37,0.00,40.95,18.65,0.03
P.101_N.43,SELANGOR,P.101,KUALA LANGAT,N.43,SIJANGKANG,"12,781",,"1,509","3,450",327,"18,067",_,70.74,0.00,8.35,19.10,1.81
P.101_N.44,SELANGOR,P.101,KUALA LANGAT,N.44,TELUK DATUK,"4,853",,"7,754","3,437",457,"16,501",_,29.41,0.00,46.99,20.83,2.77
P.101_N.45,SELANGOR,P.101,KUALA LANGAT,N.45,MORIB,"9,299",,"4,703","2,955",154,"17,111",_,54.35,0.00,27.49,17.27,0.90
P.102_N.46,SELANGOR,P.102,SEPANG,N.46,BATU LAUT,"10,607",,"4,872","2,729",305,"18,513",_,57.29,0.00,26.32,14.74,1.65
P.102_N.47,SELANGOR,P.102,SEPANG,N.47,DENGKIL,"11,019",,"1,678","3,669",447,"16,813",_,65.54,0.00,9.98,21.82,2.66
P.102_N.48,SELANGOR,P.102,SEPANG,N.48,SUNGAI PELIK,"5,182",,"6,270","3,936",269,"15,657",_,33.10,0.00,40.05,25.14,1.72
P.113_N.1,NEGERI SEMBILAN,P.113,JELEBU,N.1,CHENNAH,"3,784",,"5,120",253,156,"9,313",_,40.63,0.00,54.98,2.72,1.68
P.113_N.2,NEGERI SEMBILAN,P.113,JELEBU,N.2,KLAWANG,"5,172",,"2,979",367,5,"8,523",_,60.68,0.00,34.95,4.31,0.06
P.113_N.3,NEGERI SEMBILAN,P.113,JELEBU,N.3,PERTANG,"6,332",,"1,879",669,330,"9,210",_,68.75,0.00,20.40,7.26,3.58
P.113_N.4,NEGERI SEMBILAN,P.113,JELEBU,N.4,SUNGAI LUI,"5,536",,"1,060","1,364",222,"8,182",_,67.66,0.00,12.96,16.67,2.71
P.114_N.5,NEGERI SEMBILAN,P.114,JEMPOL,N.5,SERTING,"7,201",,"2,758","1,145",2,"11,106",_,64.84,0.00,24.83,10.31,0.02
P.114_N.6,NEGERI SEMBILAN,P.114,JEMPOL,N.6,BAHAU,"3,797",,"9,526",596,1,"13,920",_,27.28,0.00,68.43,4.28,0.01
P.114_N.7,NEGERI SEMBILAN,P.114,JEMPOL,N.7,JERAM PADANG,"5,177",,"1,804","2,916",188,"10,085",_,51.33,0.00,17.89,28.91,1.86
P.114_N.8,NEGERI SEMBILAN,P.114,JEMPOL,N.8,PALONG,"8,503",,273,"1,472",24,"10,272",_,82.78,0.00,2.66,14.33,0.23
P.115_N.9,NEGERI SEMBILAN,P.115,TAMPIN,N.9,GEMAS,"7,419",,"1,797","1,012",0,"10,228",_,72.54,0.00,17.57,9.89,0.00
P.115_N.10,NEGERI SEMBILAN,P.115,TAMPIN,N.10,GEMENCHEH,"7,209",,"3,092","1,400",0,"11,701",_,61.61,0.00,26.43,11.96,0.00
P.115_N.11,NEGERI SEMBILAN,P.115,TAMPIN,N.11,REPAH,"4,128",,"4,815","1,907",14,"10,864",_,38.00,0.00,44.32,17.55,0.13
P.115_N.12,NEGERI SEMBILAN,P.115,TAMPIN,N.12,KOTA,"8,188",,"1,098",375,38,"9,699",_,84.42,0.00,11.32,3.87,0.39
P.116_N.13,NEGERI SEMBILAN,P.116,KUALA PILAH,N.13,JUASSEH,"6,772",,"1,019",493,80,"8,364",_,80.97,0.00,12.18,5.89,0.96
P.116_N.14,NEGERI SEMBILAN,P.116,KUALA PILAH,N.14,SENALING,"4,791",,"1,992",319,0,"7,102",_,67.46,0.00,28.05,4.49,0.00
P.116_N.15,NEGERI SEMBILAN,P.116,KUALA PILAH,N.15,JOHOL,"5,595",,"2,103",708,176,"8,582",_,65.19,0.00,24.50,8.25,2.05
P.116_N.16,NEGERI SEMBILAN,P.116,KUALA PILAH,N.16,PILAH,"6,482",,"2,775",906,0,"10,163",_,63.78,0.00,27.30,8.91,0.00
P.116_N.17,NEGERI SEMBILAN,P.116,KUALA PILAH,N.17,SERI MENANTI,"7,375",,409,16,31,"7,831",_,94.18,0.00,5.22,0.20,0.40
P.117_N.18,NEGERI SEMBILAN,P.117,SEREMBAN,N.18,NILAI,"2,617",,"7,445","2,239",60,"12,361",_,21.17,0.00,60.23,18.11,0.49
P.117_N.19,NEGERI SEMBILAN,P.117,SEREMBAN,N.19,LENGGENG,"6,313",,"1,848",810,139,"9,110",_,69.30,0.00,20.29,8.89,1.53
P.117_N.20,NEGERI SEMBILAN,P.117,SEREMBAN,N.20,SENAWANG,"8,865",,"4,341","2,948",5,"16,159",_,54.86,0.00,26.86,18.24,0.03
P.117_N.21,NEGERI SEMBILAN,P.117,SEREMBAN,N.21,AMPANGAN,"10,313",,"4,097","1,479",34,"15,923",_,64.77,0.00,25.73,9.29,0.21
P.117_N.22,NEGERI SEMBILAN,P.117,SEREMBAN,N.22,LOBAK,"1,577",,"13,039","2,355",4,"16,975",_,9.29,0.00,76.81,13.87,0.02
P.118_N.23,NEGERI SEMBILAN,P.118,RASAH,N.23,LABU,"5,322",,"1,676","2,238",123,"9,359",_,56.87,0.00,17.91,23.91,1.31
P.118_N.24,NEGERI SEMBILAN,P.118,RASAH,N.24,TEMIANG,"1,321",,"11,875","2,624",48,"15,868",_,8.32,0.00,74.84,16.54,0.30
P.118_N.25,NEGERI SEMBILAN,P.118,RASAH,N.25,RAHANG,"3,602",,"8,294","3,303",20,"15,219",_,23.67,0.00,54.50,21.70,0.13
P.118_N.26,NEGERI SEMBILAN,P.118,RASAH,N.26,MAMBAU,"2,326",,"12,067","2,703",16,"17,112",_,13.59,0.00,70.52,15.80,0.09
P.118_N.27,NEGERI SEMBILAN,P.118,RASAH,N.27,RANTAU,"7,052",,"3,249","2,731",0,"13,032",_,54.11,0.00,24.93,20.96,0.00
P.119_N.28,NEGERI SEMBILAN,P.119,TELOK KEMANG,N.28,CHEMBONG,"6,745",,"1,441","1,188",36,"9,410",_,71.68,0.00,15.31,12.62,0.38
P.119_N.29,NEGERI SEMBILAN,P.119,TELOK KEMANG,N.29,LINGGI,"6,378",,"2,246","1,840",0,"10,464",_,60.95,0.00,21.46,17.58,0.00
P.119_N.30,NEGERI SEMBILAN,P.119,TELOK KEMANG,N.30,PASIR PANJANG,"9,215",,"2,228","1,338",124,"12,905",_,71.41,0.00,17.26,10.37,0.96
P.119_N.31,NEGERI SEMBILAN,P.119,TELOK KEMANG,N.31,SI RUSA,"3,216",,"5,316","5,412",1,"13,945",_,23.06,0.00,38.12,38.81,0.01
P.119_N.32,NEGERI SEMBILAN,P.119,TELOK KEMANG,N.32,LUKUT,"2,362",,"9,700","3,396",0,"15,458",_,15.28,0.00,62.75,21.97,0.00
P.120_N.1,MELAKA,P.120,ALOR GAJAH,N.1,KUALA LINGGI,"5,499",,"2,240",169,1,"7,909",_,69.53,0.00,28.32,2.14,0.01
P.120_N.2,MELAKA,P.120,ALOR GAJAH,N.2,RAMUAN CHINA,"6,798",,404,134,0,"7,336",_,92.67,0.00,5.51,1.83,0.00
P.120_N.3,MELAKA,P.120,ALOR GAJAH,N.3,MELEKEK,"6,189",,"1,058",234,10,"7,491",_,82.62,0.00,14.12,3.12,0.13
P.120_N.4,MELAKA,P.120,ALOR GAJAH,N.4,MASJID TANAH,"7,629",,"1,884",393,3,"9,909",_,76.99,0.00,19.01,3.97,0.03
P.120_N.5,MELAKA,P.120,ALOR GAJAH,N.5,SUNGAI UDANG,"11,093",,"1,427",352,408,"13,280",_,83.53,0.00,10.75,2.65,3.07
P.121_N.6,MELAKA,P.121,SELANDAR,N.6,PULAU SEBANG,"4,069",,"3,989",1062,3,"9,123",_,44.60,0.00,43.72,11.64,0.03
P.121_N.7,MELAKA,P.121,SELANDAR,N.7,BUKIT SEDANAN,"3,865",,"4,461",1547,51,"9,924",_,38.95,0.00,44.95,15.59,0.51
P.121_N.8,MELAKA,P.121,SELANDAR,N.8,BUKIT ASAHAN,"5,817",,"3,340",1488,11,"10,656",_,54.59,0.00,31.34,13.96,0.10
P.121_N.9,MELAKA,P.121,SELANDAR,N.9,DURIAN TUNGGAL,"4,962",,"1,929",686,0,"7,577",_,65.49,0.00,25.46,9.05,0.00
P.121_N.10,MELAKA,P.121,SELANDAR,N.10,REMBIA,"5,035",,"2,372",1331,0,"8,738",_,57.62,0.00,27.15,15.23,0.00
P.122_N.11,MELAKA,P.122,BATU BERENDAM,N.11,TANGGA BATU,"10,368",,"4,844",209,8,"15,429",_,67.20,0.00,31.40,1.35,0.05
P.122_N.12,MELAKA,P.122,BATU BERENDAM,N.12,PAYA RUMPUT,"7,790",,"7,659",1138,28,"16,615",_,46.89,0.00,46.10,6.85,0.17
P.122_N.13,MELAKA,P.122,BATU BERENDAM,N.13,AYER KEROH,"5,252",,"7,016",1044,37,"13,349",_,39.34,0.00,52.56,7.82,0.28
P.122_N.14,MELAKA,P.122,BATU BERENDAM,N.14,BACHANG,"8,051",,"5,857",807,41,"14,756",_,54.56,0.00,39.69,5.47,0.28
P.122_N.15,MELAKA,P.122,BATU BERENDAM,N.15,AYER MOLEK,"8,636",,"4,935",674,51,"14,296",_,60.41,0.00,34.52,4.71,0.36
P.123_N.16,MELAKA,P.123,KOTA MELAKA,N.16,TENGKERA,"2,264",,"12,675",514,66,"15,519",_,14.59,0.00,81.67,3.31,0.43
P.123_N.17,MELAKA,P.123,KOTA MELAKA,N.17,DURIAN DAUN,"1,852",,"13,687",461,32,"16,032",_,11.55,0.00,85.37,2.88,0.20
P.123_N.18,MELAKA,P.123,KOTA MELAKA,N.18,BANDAR HILIR,"1,752",,"11,424",825,"1,049","15,050",_,11.64,0.00,75.91,5.48,6.97
P.123_N.19,MELAKA,P.123,KOTA MELAKA,N.19,DUYONG,"4,762",,"6,937",457,44,"12,200",_,39.03,0.00,56.86,3.75,0.36
P.123_N.20,MELAKA,P.123,KOTA MELAKA,N.20,ALAI,"8,894",,"3,223",273,74,"12,464",_,71.36,0.00,25.86,2.19,0.59
P.124_N.21,MELAKA,P.124,JASIN,N.21,AYER PANAS,"4,877",,"3,043","1,136",12,"9,068",_,53.78,0.00,33.56,12.53,0.13
P.124_N.22,MELAKA,P.124,JASIN,N.22,RIM,"4,530",,"1,587","1,201",35,"7,353",_,61.61,0.00,21.58,16.33,0.48
P.124_N.23,MELAKA,P.124,JASIN,N.23,MERLIMAU,"4,607",,"1,719","1,532",8,"7,866",_,58.57,0.00,21.85,19.48,0.10
P.124_N.24,MELAKA,P.124,JASIN,N.24,SERKAM,"9,490",,"1,173",415,5,"11,083",_,85.63,0.00,10.58,3.74,0.05
P.124_N.25,MELAKA,P.124,JASIN,N.25,SUNGAI RAMBAI,"6,313",,"1,777",31,3,"8,124",_,77.71,0.00,21.87,0.38,0.04
P.125_N.1,JOHOR,P.125,SEGAMAT,N.1,SEPINANG,"15,709",,"10,100","2,889",30,"28,728",_,54.68,0.00,35.16,10.06,0.10
P.125_N.2,JOHOR,P.125,SEGAMAT,N.2,JEMENTAH,"8,270",,"16,169","2,627",10,"27,076",_,30.54,0.00,59.72,9.70,0.04
P.126_N.3,JOHOR,P.126,LEDANG,N.3,TANGKAK,"9,189",,"12,311","2,175",117,"23,792",_,38.62,0.00,51.74,9.14,0.49
P.126_N.4,JOHOR,P.126,LEDANG,N.4,SEROM,"17,077",,"10,828",193,2,"28,100",_,60.77,0.00,38.53,0.69,0.01
P.127_N.5,JOHOR,P.127,PAGOH,N.5,BUKIT SERAMPANG,"10,770",,"6,121",505,88,"17,484",_,61.60,0.00,35.01,2.89,0.50
P.127_N.6,JOHOR,P.127,PAGOH,N.6,JORAK,"11,725",,"7,163","1,416",1,"20,305",_,57.74,0.00,35.28,6.97,0.00
P.128_N.7,JOHOR,P.128,LABIS,N.7,TENANG,"12,062",,"7,239","2,178",167,"21,646",_,55.72,0.00,33.44,10.06,0.77
P.128_N.8,JOHOR,P.128,LABIS,N.8,BEKOK,"5,748",,"13,850","4,581",250,"24,429",_,23.53,0.00,56.69,18.75,1.02
P.129_N.9,JOHOR,P.129,MERSING,N.9,ENDAU,"12,018",,"3,659",156,107,"15,940",_,75.40,0.00,22.95,0.98,0.67
P.129_N.10,JOHOR,P.129,MERSING,N.10,TENGGAROH,"12,146",,"7,232",883,415,"20,676",_,58.74,0.00,34.98,4.27,2.01
P.130_N.11,JOHOR,P.130,KLUANG,N.11,PALOH,"13,031",,"16,909","3,967",53,"33,960",_,38.37,0.00,49.79,11.68,0.16
P.130_N.12,JOHOR,P.130,KLUANG,N.12,MENGKIBOL,"9,274",,"11,454","2,883",8,"23,619",_,39.26,0.00,48.49,12.21,0.03
P.131_N.13,JOHOR,P.131,PARIT SULONG,N.13,SRI MEDAN,"17,707",,"9,426",720,0,"27,853",_,63.57,0.00,33.84,2.58,0.00
P.131_N.14,JOHOR,P.131,PARIT SULONG,N.14,SEMERAH,"17,940",,"11,032",137,0,"29,109",_,61.63,0.00,37.90,0.47,0.00
P.132_N.15,JOHOR,P.132,BAKRI,N.15,BUKIT NANING,"11,922",,"7,693",279,17,"19,911",_,59.88,0.00,38.64,1.40,0.09
P.132_N.16,JOHOR,P.132,BAKRI,N.16,MAHARANI,"7,909",,"18,672",675,10,"27,266",_,29.01,0.00,68.48,2.48,0.04
P.133_N.17,JOHOR,P.133,MUAR,N.17,PARIT BAKAR,"11,257",,"9,909",661,7,"21,834",_,51.56,0.00,45.38,3.03,0.03
P.133_N.18,JOHOR,P.133,MUAR,N.18,SUNGAI BALANG,"13,023",,"5,077",36,2,"18,138",_,71.80,0.00,27.99,0.20,0.01
P.134_N.19,JOHOR,P.134,SRI GADING,N.19,PARIT YAANI,"16,587",,"7,304",378,2,"24,271",_,68.34,0.00,30.09,1.56,0.01
P.134_N.20,JOHOR,P.134,SRI GADING,N.20,PARIT RAJA,"16,600",,"7,698",459,7,"24,764",_,67.03,0.00,31.09,1.85,0.03
P.135_N.21,JOHOR,P.135,BATU PAHAT,N.21,PENGGARAM,"14,473",,"20,279",931,9,"35,692",_,40.55,0.00,56.82,2.61,0.03
P.135_N.22,JOHOR,P.135,BATU PAHAT,N.22,RENGIT,"18,270",,"5,318",35,2,"23,625",_,77.33,0.00,22.51,0.15,0.01
P.136_N.23,JOHOR,P.136,TENGGARA,N.23,PANTI,"9,036",,"4,581","1,476",202,"15,295",_,59.08,0.00,29.95,9.65,1.32
P.136_N.24,JOHOR,P.136,TENGGARA,N.24,GUNUNG LAMBAK,"13,153",,"12,336","1,397",5,"26,891",_,48.91,0.00,45.87,5.20,0.02
P.137_N.25,JOHOR,P.137,SUNGAI BENUT,N.25,SIMPANG RENGGAM,"16,000",,"10,774","3,520",15,"30,309",_,52.79,0.00,35.55,11.61,0.05
P.137_N.26,JOHOR,P.137,SUNGAI BENUT,N.26,BENUT,"17,117",,"4,807",30,0,"21,954",_,77.97,0.00,21.90,0.14,0.00
P.138_N.27,JOHOR,P.138,SENAI,N.27,KULAI,"7,694",,"21,161","1,557",8,"30,420",_,25.29,0.00,69.56,5.12,0.03
P.138_N.28,JOHOR,P.138,SENAI,N.28,BUKIT PERMAI,"13,517",,"9,657","1,622",4,"24,800",_,54.50,0.00,38.94,6.54,0.02
P.139_N.29,JOHOR,P.139,KOTA TINGGI,N.29,SEDILI,"19,378",,"3,958",771,24,"24,131",_,80.30,0.00,16.40,3.20,0.10
P.139_N.30,JOHOR,P.139,KOTA TINGGI,N.30,PENGERANG,"20,518",,"4,392",286,0,"25,196",_,81.43,0.00,17.43,1.14,0.00
P.140_N.31,JOHOR,P.140,TERBAU,N.31,TIRAM,"15,391",,"10,217","4,482",43,"30,133",_,51.08,0.00,33.91,14.87,0.14
P.140_N.32,JOHOR,P.140,TERBAU,N.32,PASIR GUDANG,"16,535",,"9,582","5,227",54,"31,398",_,52.66,0.00,30.52,16.65,0.17
P.141_N.33,JOHOR,P.141,JOHOR BHARU,N.33,TANJONG PUTERI,"18,156",,"14,187","1,786",95,"34,224",_,53.05,0.00,41.45,5.22,0.28
P.141_N.34,JOHOR,P.141,JOHOR BHARU,N.34,STULANG,"15,786",,"20,224","1,728",131,"37,869",_,41.69,0.00,53.41,4.56,0.35
P.142_N.35,JOHOR,P.142,PULAI,N.35,TAMBATAN,"15,671",,"10,992","3,496",117,"30,276",_,51.76,0.00,36.31,11.55,0.39
P.142_N.36,JOHOR,P.142,PULAI,N.36,KEMPAS,"21,344",,"13,042","2,040",30,"36,456",_,58.55,0.00,35.77,5.60,0.08
P.143_N.37,JOHOR,P.143,GELANG PATAH,N.37,TANJONG KUPANG,"11,434",,"7,936","1,247",198,"20,815",_,54.93,0.00,38.13,5.99,0.95
P.143_N.38,JOHOR,P.143,GELANG PATAH,N.38,SKUDAI,"10,046",,"21,170","3,201",15,"34,432",_,29.18,0.00,61.48,9.30,0.04
P.144_N.39,JOHOR,P.144,PONTIAN,N.39,PULAI SEBATANG,16936,,"15,130",472,10,"32,548",_,52.03,0.00,46.49,1.45,0.03
P.144_N.40,JOHOR,P.144,PONTIAN,N.40,KUKUP,"13,684",,"12,352",179,2,"26,217",_,52.20,0.00,47.11,0.68,0.01
P.146_N.1,SABAH,P.146,MARUDU,N.1,BANGGI,"2,002","4,715",16,0,0,"6,733",_,29.73,70.03,0.24,0.00,0.00
P.146_N.2,SABAH,P.146,MARUDU,N.2,KUDAT,"4,573","5,755","5,263",21,13,"15,625",_,29.27,36.83,33.68,0.13,0.08
P.146_N.3,SABAH,P.146,MARUDU,N.3,BENGKOKA,"3,000","5,999",121,4,3,"9,127",_,32.87,65.73,1.33,0.04,0.03
P.147_N.4,SABAH,P.147,BANDAU,N.4,MATUNGGONG,"1,592","9,038",301,5,0,"10,936",_,14.56,82.64,2.75,0.05,0.00
P.147_N.5,SABAH,P.147,BANDAU,N.5,TANDEK,"2,346","10,021",679,3,3,"13,052",_,17.97,76.78,5.20,0.02,0.02
P.148_N.6,SABAH,P.148,KOTA BELUD,N.6,TEMPASUK,"3,361","7,326",62,21,2,"10,772",_,31.20,68.01,0.58,0.19,0.02
P.148_N.7,SABAH,P.148,KOTA BELUD,N.7,KADAMAIAN,962,"9,214",84,1,9,"10,270",_,9.37,89.72,0.82,0.01,0.09
P.148_N.8,SABAH,P.148,KOTA BELUD,N.8,USUKAN,"3,826","7,931",868,17,5,"12,647",_,30.25,62.71,6.86,0.13,0.04
P.149_N.9,SABAH,P.149,TUARAN,N.9,TAMPARULI,"1,333","8,397","2,626",22,46,"12,424",_,10.73,67.59,21.14,0.18,0.37
P.149_N.10,SABAH,P.149,TUARAN,N.10,SULAMAN,"3,870","6,969",399,16,14,"11,268",_,34.35,61.85,3.54,0.14,0.12
P.149_N.11,SABAH,P.149,TUARAN,N.11,KIULU,375,"7,096",285,2,2,"7,760",_,4.83,91.44,3.67,0.03,0.03
P.150_N.12,SABAH,P.150,GAYA,N.12,INANAM,"5,525","2,297","9,712",104,7,"17,645",_,31.31,13.02,55.04,0.59,0.04
P.150_N.13,SABAH,P.150,GAYA,N.13,LIKAS,"8,220","5,462","7,014",101,6,"20,803",_,39.51,26.26,33.72,0.49,0.03
P.151_N.14,SABAH,P.151,TANJONG ARU,N.14,API-API,"1,198","1,350","18,014",225,0,"20,787",_,5.76,6.49,86.66,1.08,0.00
P.151_N.15,SABAH,P.151,TANJONG ARU,N.15,SEMBULAN,"3,810","3,095","7,179",156,32,"14,272",_,26.70,21.69,50.30,1.09,0.22
P.152_N.16,SABAH,P.152,PENAMPANG,N.16,MOYOG,"7,775","4,082","5,731",80,7,"17,675",_,43.99,23.09,32.42,0.45,0.04
P.152_N.17,SABAH,P.152,PENAMPANG,N.17,PETAGAS,"7,694","9,699","2,218",143,2,"19,756",_,38.95,49.09,11.23,0.72,0.01
P.153_N.18,SABAH,P.153,PAPAR,N.18,KAWANG,"6,412","6,188","1,355",15,0,"13,970",_,45.90,44.29,9.70,0.11,0.00
P.153_N.19,SABAH,P.153,PAPAR,N.19,PANTAI MANIS,"6,994","4,497","2,584",31,0,"14,106",_,49.58,31.88,18.32,0.22,0.00
P.154_N.20,SABAH,P.154,BEAUFORT,N.20,BONGAWAN,"7,213","3,186","1,028",13,0,"11,440",_,63.05,27.85,8.99,0.11,0.00
P.154_N.21,SABAH,P.154,BEAUFORT,N.21,KUALA PENYU,"5,149","4,793",947,13,0,"10,902",_,47.23,43.96,8.69,0.12,0.00
P.154_N.22,SABAH,P.154,BEAUFORT,N.22,KLIAS,"7,742","2,537","2,322",21,0,"12,622",_,61.34,20.10,18.40,0.17,0.00
P.155_N.23,SABAH,P.155,SIPITANG,N.23,LUMADAN,"4,996","3,926",522,4,0,"9,448",_,52.88,41.55,5.52,0.04,0.00
P.155_N.24,SABAH,P.155,SIPITANG,N.24,SINDUMIN,"6,493","3,129",820,28,0,"10,470",_,62.02,29.89,7.83,0.27,0.00
P.156_N.25,SABAH,P.156,KINABALU,N.25,KUNDASANG,"2,434","9,023",70,0,8,"11,535",_,21.10,78.22,0.61,0.00,0.07
P.156_N.26,SABAH,P.156,KINABALU,N.26,RANAU,"2,653","7,175",853,23,0,"10,704",_,24.79,67.03,7.97,0.21,0.00
P.157_N.27,SABAH,P.157,KENINGAU,N.27,TAMBUNAN,794,"9,121",322,7,1,"10,245",_,7.75,89.03,3.14,0.07,0.01
P.157_N.28,SABAH,P.157,KENINGAU,N.28,BINGKOR,"2,996","11,092","2,308",23,0,"16,419",_,18.25,67.56,14.06,0.14,0.00
P.157_N.29,SABAH,P.157,KENINGAU,N.29,PENSIANGAN,686,"7,994",103,2,0,"8,785",_,7.81,91.00,1.17,0.02,0.00
P.158_N.30,SABAH,P.158,TENOM,N.30,MELALAP,"2,891","7,637","3,875",63,0,"14,466",_,19.98,52.79,26.79,0.44,0.00
P.158_N.31,SABAH,P.158,TENOM,N.31,KEMABONG,"2,113","6,100","1,094",14,0,"9,321",_,22.67,65.44,11.74,0.15,0.00
P.159_N.32,SABAH,P.159,BELURAN,N.32,SUGUT,"1,662","5,425",120,61,2,"7,270",_,22.86,74.62,1.65,0.84,0.03
P.159_N.33,SABAH,P.159,BELURAN,N.33,LABUK,"2,444","6,632",300,18,8,"9,402",_,25.99,70.54,3.19,0.19,0.09
P.160_N.34,SABAH,P.160,LIBARAN,N.34,SUNGAI SIBUGA,"8,617","6,162","5,609",27,26,"20,441",_,42.16,30.15,27.44,0.13,0.13
P.160_N.35,SABAH,P.160,LIBARAN,N.35,SEKONG,5298,"3,721","3,241",14,4,"12,278",_,43.15,30.31,26.40,0.11,0.03
P.161_N.36,SABAH,P.161,SANDAKAN,N.36,ELOPURA,"3,411","2,716","8,974",72,34,"15,207",_,22.43,17.86,59.01,0.47,0.22
P.161_N.37,SABAH,P.161,SANDAKAN,N.37,TANJONG PAPAT,"2,326","1,543","8,931",49,14,"12,863",_,18.08,12.00,69.43,0.38,0.11
P.161_N.38,SABAH,P.161,SANDAKAN,N.38,KARAMUNTING,"2,393","1,729","8,454",19,15,"12,610",_,18.98,13.71,67.04,0.15,0.12
P.162_N.39,SABAH,P.162,KINABATANGAN,N.39,SUKAU,"6,213","3,170",218,50,3,"9,654",_,64.36,32.84,2.26,0.52,0.03
P.162_N.40,SABAH,P.162,KINABATANGAN,N.40,KUAMUT,"4,102","4,882",114,5,1,"9,104",_,45.06,53.62,1.25,0.05,0.01
P.163_N.41,SABAH,P.163,SILAM,N.41,KUNAK,"8,039","5,312",649,46,0,"14,046",_,57.23,37.82,4.62,0.33,0.00
P.163_N.42,SABAH,P.163,SILAM,N.42,LAHAD DATU,"11,523","7,421","5,282",74,1,"24,301",_,47.42,30.54,21.74,0.30,0.00
P.164_N.43,SABAH,P.164,SEMPORNA,N.43,SULABAYAN,"2,035","5,977",3,0,0,"8,015",_,25.39,74.57,0.04,0.00,0.00
P.164_N.44,SABAH,P.164,SEMPORNA,N.44,SENALLANG,"6,506","4,289",599,17,3,"11,414",_,57.00,37.58,5.25,0.15,0.03
P.164_N.45,SABAH,P.164,SEMPORNA,N.45,BALUNG,"8,130","2,564","2,337",39,0,"13,070",_,62.20,19.62,17.88,0.30,0.00
P.165_N.46,SABAH,P.165,TAWAU,N.46,MEROTAI,"10,916","4,157","3,499",69,6,"18,647",_,58.54,22.29,18.76,0.37,0.03
P.165_N.47,SABAH,P.165,TAWAU,N.47,KALABAKAN,"6,437","2,779","1,137",131,1,"10,485",_,61.39,26.50,10.84,1.25,0.01
P.165_N.48,SABAH,P.165,TAWAU,N.48,SRI TANJONG,"7,507","1,940","14,641",75,4,"24,167",_,31.06,8.03,60.58,0.31,0.02
P.166_N.1,SARAWAK,P.166,MAS GADING,N.1,TANJUNG DATU,"4,152","8,215","1,855",56,4,"14,282",_,29.07,57.52,12.99,0.39,0.03
P.166_N.2,SARAWAK,P.166,MAS GADING,N.2,TASIK BIRU,"1,652","12,229","5,386",2,0,"19,269",_,8.57,63.46,27.95,0.01,0.00
P.167_N.3,SARAWAK,P.167,SANTUBONG,N.3,PANTAI DAMAI,"10,986",403,922,1,9,"12,321",_,89.16,3.27,7.48,0.01,0.07
P.167_N.4,SARAWAK,P.167,SANTUBONG,N.4,SEJINGKAT,"8,132",217,791,1,11,"9,152",_,88.85,2.37,8.64,0.01,0.12
P.168_N.5,SARAWAK,P.168,PETRA JAYA,N.5,TUPONG,"16,026","1,251",537,3,101,"17,918",_,89.44,6.98,3.00,0.02,0.56
P.168_N.6,SARAWAK,P.168,PETRA JAYA,N.6,SATOK,"10,227",709,"2,493",44,113,"13,586",_,75.28,5.22,18.35,0.32,0.83
P.169_N.7,SARAWAK,P.169,BANDAR KUCHING,N.7,PADUNGAN,537,172,"19,283",1,59,"20,052",_,2.68,0.86,96.16,0.00,0.29
P.169_N.8,SARAWAK,P.169,BANDAR KUCHING,N.8,PENDING,"1,260","1,013","24,343",4,120,"26,740",_,4.71,3.79,91.04,0.01,0.45
P.169_N.9,SARAWAK,P.169,BANDAR KUCHING,N.9,BATU LINTANG,"1,777","2,314","21,989",89,495,"26,664",_,6.66,8.68,82.47,0.33,1.86
P.170_N.10,SARAWAK,P.170,PADAWAN,N.10,BATU KAWAH,"3,447","2,460","17,771",20,135,"23,833",_,14.46,10.32,74.56,0.08,0.57
P.170_N.11,SARAWAK,P.170,PADAWAN,N.11,BENGOH,412,"13,116","6,651",2,16,"20,197",_,2.04,64.94,32.93,0.01,0.08
P.171_N.12,SARAWAK,P.171,KOTA SAMARAHAN,N.12,ASAJAYA,"7,162","1,028","1,356",0,1,"9,547",_,75.02,10.77,14.20,0.00,0.01
P.171_N.13,SARAWAK,P.171,KOTA SAMARAHAN,N.13,MUARA TUANG,"9,780","5,006","2,914",41,10,"17,751",_,55.10,28.20,16.42,0.23,0.06
P.172_N.14,SARAWAK,P.172,SERIAN,N.14,TARAT,895,"10,148","3,599",5,4,"14,651",_,6.11,69.26,24.56,0.03,0.03
P.172_N.15,SARAWAK,P.172,SERIAN,N.15,TEBEDU,934,"14,897",998,0,1,"16,830",_,5.55,88.51,5.93,0.00,0.01
P.173_N.16,SARAWAK,P.173,BATANG SADONG,N.16,SEMERA,"7,477",790,560,0,0,"8,827",_,84.71,8.95,6.34,0.00,0.00
P.173_N.17,SARAWAK,P.173,BATANG SADONG,N.17,SIMUNJAN,"5,573","5,667",670,71,16,"11,997",_,46.45,47.24,5.58,0.59,0.13
P.174_N.18,SARAWAK,P.174,BATANG LUPAR,N.18,SEBUYAU,"5,319","3,354",550,0,0,"9,223",_,57.67,36.37,5.96,0.00,0.00
P.174_N.19,SARAWAK,P.174,BATANG LUPAR,N.19,BELADIN,"9,002",927,319,0,0,"10,248",_,87.84,9.05,3.11,0.00,0.00
P.175_N.20,SARAWAK,P.175,SRI AMAN,N.20,BUKIT BEGUNAN,158,"10,290",761,2,1,"11,212",_,1.41,91.78,6.79,0.02,0.01
P.175_N.21,SARAWAK,P.175,SRI AMAN,N.21,SIMANGGANG,"4,403","7,703","3,655",0,10,"15,771",_,27.92,48.84,23.18,0.00,0.06
P.176_N.22,SARAWAK,P.176,LUBOK ANTU,N.22,ENGKILILI,160,"7,611","1,064",1,3,"8,839",_,1.81,86.11,12.04,0.01,0.03
P.176_N.23,SARAWAK,P.176,LUBOK ANTU,N.23,BATANG AIR,50,"6,921",242,1,3,"7,217",_,0.69,95.90,3.35,0.01,0.04
P.177_N.24,SARAWAK,P.177,BETONG,N.24,SARIBAS,"5,762","2,638",629,0,0,"9,029",_,63.82,29.22,6.97,0.00,0.00
P.177_N.25,SARAWAK,P.177,BETONG,N.25,LAYAR,"1,036","8,599","1,020",0,2,"10,657",_,9.72,80.69,9.57,0.00,0.02
P.178_N.26,SARAWAK,P.178,SARATOK,N.26,KALAKA,8159,"3,391","1,399",2,2,"12,953",_,62.99,26.18,10.80,0.02,0.02
P.178_N.27,SARAWAK,P.178,SARATOK,N.27,KRIAN,37,"9,592",321,4,1,"9,955",_,0.37,96.35,3.22,0.04,0.01
P.179_N.28,SARAWAK,P.179,KUALA RAJANG,N.28,BELAWAI,"5,980","2,646",338,0,0,"8,964",_,66.71,29.52,3.77,0.00,0.00
P.179_N.29,SARAWAK,P.179,KUALA RAJANG,N.29,SERDENG,"6,125","1,878",111,0,0,"8,114",_,75.49,23.15,1.37,0.00,0.00
P.179_N.30,SARAWAK,P.179,KUALA RAJANG,N.30,MATU-DARO,"7,570","1,583",523,0,0,"9,676",_,78.23,16.36,5.41,0.00,0.00
P.180_N.31,SARAWAK,P.180,SARIKEI,N.31,MERADONG,"1,773","4,771","7,521",1,4,"14,070",_,12.60,33.91,53.45,0.01,0.03
P.180_N.32,SARAWAK,P.180,SARIKEI,N.32,REPOK,559,"3,631","13,990",0,2,"18,182",_,3.07,19.97,76.94,0.00,0.01
P.181_N.33,SARAWAK,P.181,JULAU,N.33,PAKAN,37,"6,440",403,0,2,"6,882",_,0.54,93.58,5.86,0.00,0.03
P.181_N.34,SARAWAK,P.181,JULAU,N.34,MELUAN,39,"8,560",409,1,10,"9,019",_,0.43,94.91,4.53,0.01,0.11
P.182_N.35,SARAWAK,P.182,KANOWIT,N.35,NGEMAH,45,"6,989",798,0,3,"7,835",_,0.57,89.20,10.19,0.00,0.04
P.182_N.36,SARAWAK,P.182,KANOWIT,N.36,MACHAN,406,"7,777","1,928",0,11,"10,122",_,4.01,76.83,19.05,0.00,0.11
P.183_N.37,SARAWAK,P.183,LANANG,N.37,DUDONG,"1,691","6,411","13,650",13,2,"21,767",_,7.77,29.45,62.71,0.06,0.01
P.183_N.38,SARAWAK,P.183,LANANG,N.38,BUKIT ASSEK,314,385,"22,762",0,11,"23,472",_,1.34,1.64,96.98,0.00,0.05
P.184_N.39,SARAWAK,P.184,SIBU,N.39,BAWANG ASSAN,519,"3,124","12,379",251,0,"16,273",_,3.19,19.20,76.07,1.54,0.00
P.184_N.40,SARAWAK,P.184,SIBU,N.40,SEDUAN,"7,024","1,947","12,454",37,30,"21,492",_,32.68,9.06,57.95,0.17,0.14
P.185_N.41,SARAWAK,P.185,MUKAH,N.41,DALAT,"10,035","3,430","2,564",2,1,"16,032",_,62.59,21.39,15.99,0.01,0.01
P.185_N.42,SARAWAK,P.185,MUKAH,N.42,BALINGAN,"8,072","3,144","1,532",0,2,"12,750",_,63.31,24.66,12.02,0.00,0.02
P.186_N.43,SARAWAK,P.186,SELANGAU,N.43,TAMIN,149,"9,838",422,0,4,"10,413",_,1.43,94.48,4.05,0.00,0.04
P.186_N.44,SARAWAK,P.186,SELANGAU,N.44,KAKUS,380,"8,266",387,0,2,"9,035",_,4.21,91.49,4.28,0.00,0.02
P.187_N.45,SARAWAK,P.187,KAPIT,N.45,PELAGUS,628,"9,712","1,997",0,4,"12,341",_,5.09,78.70,16.18,0.00,0.03
P.187_N.46,SARAWAK,P.187,KAPIT,N.46,KATIBAS,296,"7,608",461,1,1,"8,367",_,3.54,90.93,5.51,0.01,0.01
P.188_N.47,SARAWAK,P.188,HULU RAJANG,N.47,BALEH,27,"9,658",24,0,1,"9,710",_,0.28,99.46,0.25,0.00,0.01
P.188_N.48,SARAWAK,P.188,HULU RAJANG,N.48,BELAGA,272,"5,676",163,0,1,"6,112",_,4.45,92.87,2.67,0.00,0.02
P.189_N.49,SARAWAK,P.189,BINTULU,N.49,KEMENA,"5,310","7,909",474,2,2,"13,697",_,38.77,57.74,3.46,0.01,0.01
P.189_N.50,SARAWAK,P.189,BINTULU,N.50,KIDURONG,"3,409","9,535","8,793",2,18,"21,757",_,15.67,43.82,40.41,0.01,0.08
P.190_N.51,SARAWAK,P.190,MIRI,N.51,LAMBIR,"13,194","7,805","6,095",5,26,"27,125",_,48.64,28.77,22.47,0.02,0.10
P.190_N.52,SARAWAK,P.190,MIRI,N.52,PIASAU,"6,713","5,372","23,403",1,120,"35,609",_,18.85,15.09,65.72,0.00,0.34
P.191_N.53,SARAWAK,P.191,BARAM,N.53,MARUDI,"1,476","10,357","2,792",0,4,"14,629",_,10.09,70.80,19.09,0.00,0.03
P.191_N.54,SARAWAK,P.191,BARAM,N.54,TELANG USAN,824,"9,761",879,1,1,"11,466",_,7.19,85.13,7.67,0.01,0.01
P.192_N.55,SARAWAK,P.192,BUKIT MAS,N.55,LIMBANG,"6,417","7,018","3,999",2,7,"17,443",_,36.79,40.23,22.93,0.01,0.04
P.192_N.56,SARAWAK,P.192,BUKIT MAS,N.56,LAWAS,"6,465","5,162","1,714",0,4,"13,345",_,48.45,38.68,12.84,0.00,0.03
